id;title;content;status
1;statement;../fake-data/blob/hipster.txt;imagination
2;转动 推 recollection;../fake-data/blob/hipster.txt;老实
3;吮;../fake-data/blob/hipster.txt;if
4;敢情;../fake-data/blob/hipster.txt;unless 拉
5;brr;../fake-data/blob/hipster.txt;er sculptural 更
6;archeology;../fake-data/blob/hipster.txt;opposite
7;果然 特地 guitar;../fake-data/blob/hipster.txt;好在
8;硬 solidity 就;../fake-data/blob/hipster.txt;what lest 挡
9;长;../fake-data/blob/hipster.txt;excluding 仍然 只
10;平常 bedroom 熟练;../fake-data/blob/hipster.txt;foxglove and
